{"cameraMode":{"drawMode":0,"name":"Shaded","section":"Shading Mode"},"sceneLighting":true,"audioPlay":false,"sceneViewState":{"showFog":true,"showMaterialUpdate":false,"showSkybox":false,"showFlares":true,"showImageEffects":true,"showParticleSystems":true},"in2DMode":false,"pivot":{"x":-0.08474123477935791,"y":-0.3324887156486511,"z":0.3907773494720459},"rotation":{"x":-0.020659103989601136,"y":0.974380612373352,"z":-0.20037119090557099,"w":-0.10060930997133255},"size":9.216915130615235,"orthographic":false}