{"cameraMode":{"drawMode":0,"name":"Shaded","section":"Shading Mode"},"sceneLighting":true,"audioPlay":false,"sceneViewState":{"showFog":true,"showMaterialUpdate":false,"showSkybox":false,"showFlares":true,"showImageEffects":true,"showParticleSystems":true},"in2DMode":false,"pivot":{"x":-55.70418167114258,"y":1.8159440755844117,"z":-0.0817040428519249},"rotation":{"x":-0.07994358986616135,"y":0.23211203515529633,"z":-0.01923094503581524,"w":-0.9692971706390381},"size":5.121459007263184,"orthographic":false}