{"cameraMode":{"drawMode":0,"name":"Shaded","section":"Shading Mode"},"sceneLighting":true,"audioPlay":false,"sceneViewState":{"showFog":true,"showMaterialUpdate":false,"showSkybox":false,"showFlares":true,"showImageEffects":true,"showParticleSystems":true},"in2DMode":false,"pivot":{"x":-2.1211674213409426,"y":-0.45139217376708987,"z":0.24706101417541505},"rotation":{"x":-0.15877410769462586,"y":0.4434167146682739,"z":-0.08017604798078537,"w":-0.8785602450370789},"size":4.2891764640808109,"orthographic":false}