{"cameraMode":{"drawMode":0,"name":"Shaded","section":"Shading Mode"},"sceneLighting":true,"audioPlay":false,"sceneViewState":{"showFog":true,"showMaterialUpdate":false,"showSkybox":false,"showFlares":true,"showImageEffects":true,"showParticleSystems":true},"in2DMode":false,"pivot":{"x":-59.2552604675293,"y":1.3259940147399903,"z":7.520719528198242},"rotation":{"x":-0.035487957298755649,"y":0.9642890691757202,"z":-0.1962987333536148,"w":-0.1747419536113739},"size":8.289471626281739,"orthographic":false}