{"cameraMode":{"drawMode":0,"name":"Shaded","section":"Shading Mode"},"sceneLighting":true,"audioPlay":false,"sceneViewState":{"showFog":true,"showMaterialUpdate":false,"showSkybox":false,"showFlares":true,"showImageEffects":true,"showParticleSystems":true},"in2DMode":false,"pivot":{"x":-2.2890243530273439,"y":22.66280174255371,"z":-5.723412036895752},"rotation":{"x":-0.3819921612739563,"y":-0.2678636610507965,"z":0.11660345643758774,"w":-0.8768920302391052},"size":159.04945373535157,"orthographic":false}