{"cameraMode":{"drawMode":0,"name":"Shaded","section":"Shading Mode"},"sceneLighting":true,"audioPlay":false,"sceneViewState":{"showFog":true,"showMaterialUpdate":false,"showSkybox":false,"showFlares":true,"showImageEffects":true,"showParticleSystems":true},"in2DMode":false,"pivot":{"x":0.21459738910198213,"y":0.7709866166114807,"z":0.13392847776412965},"rotation":{"x":0.11108314990997315,"y":-0.00627852650359273,"z":0.000725399237126112,"w":0.9938462972640991},"size":4.75895881652832,"orthographic":false}