{"cameraMode":{"drawMode":0,"name":"Shaded","section":"Shading Mode"},"sceneLighting":true,"audioPlay":false,"sceneViewState":{"showFog":true,"showMaterialUpdate":false,"showSkybox":false,"showFlares":true,"showImageEffects":true,"showParticleSystems":true},"in2DMode":false,"pivot":{"x":-6.113284111022949,"y":1.6982791423797608,"z":-4.864603519439697},"rotation":{"x":0.014529832638800145,"y":0.838739275932312,"z":0.022387605160474778,"w":-0.5439971089363098},"size":11.774645805358887,"orthographic":false}