{"cameraMode":{"drawMode":0,"name":"Shaded","section":"Shading Mode"},"sceneLighting":true,"audioPlay":false,"sceneViewState":{"showFog":true,"showMaterialUpdate":false,"showSkybox":false,"showFlares":true,"showImageEffects":true,"showParticleSystems":true},"in2DMode":false,"pivot":{"x":22.18099021911621,"y":4.388017654418945,"z":-98.92013549804688},"rotation":{"x":-0.5937575697898865,"y":0.33297961950302126,"z":-0.29512277245521548,"w":-0.6705776453018189},"size":89.0625,"orthographic":false}