{"cameraMode":{"drawMode":0,"name":"Shaded","section":"Shading Mode"},"sceneLighting":true,"audioPlay":false,"sceneViewState":{"showFog":true,"showMaterialUpdate":false,"showSkybox":false,"showFlares":true,"showImageEffects":true,"showParticleSystems":true},"in2DMode":false,"pivot":{"x":-0.023048384115099908,"y":1.8556742668151856,"z":8.017650604248047},"rotation":{"x":-0.12629468739032746,"y":0.7037962675094605,"z":-0.1294047087430954,"w":-0.6870918869972229},"size":5.273465633392334,"orthographic":false}