{"cameraMode":{"drawMode":0,"name":"Shaded","section":"Shading Mode"},"sceneLighting":true,"audioPlay":false,"sceneViewState":{"showFog":true,"showMaterialUpdate":false,"showSkybox":false,"showFlares":true,"showImageEffects":true,"showParticleSystems":true},"in2DMode":false,"pivot":{"x":-58.322872161865237,"y":0.16640862822532655,"z":3.149412155151367},"rotation":{"x":0.02337902970612049,"y":0.2604540288448334,"z":0.006211702711880207,"w":-0.9652734994888306},"size":0.8410422205924988,"orthographic":false}