{"cameraMode":{"drawMode":0,"name":"Shaded","section":"Shading Mode"},"sceneLighting":true,"audioPlay":false,"sceneViewState":{"showFog":true,"showMaterialUpdate":false,"showSkybox":false,"showFlares":true,"showImageEffects":true,"showParticleSystems":true},"in2DMode":false,"pivot":{"x":1.3308738470077515,"y":0.08292460441589356,"z":5.563532829284668},"rotation":{"x":-0.18274910748004914,"y":0.2013527899980545,"z":-0.03829515352845192,"w":-0.9616204500198364},"size":3.9229931831359865,"orthographic":false}